start_time,user_id,level,song_id,artist_id,session_id,location,user_agent
2018-11-19 01:54:56.796,7,free,,,458,"Chicago-Naperville-Elgin, IL-IN-WI","""Mozilla/5.0 (Macintosh; Intel Mac OS X 10_9_3) AppleWebKit/537.36 (KHTML, like Gecko) Chrome/36.0.1985.143 Safari/537.36"""
2018-11-19 02:01:33.796,24,paid,,,672,"Lake Havasu City-Kingman, AZ","""Mozilla/5.0 (Windows NT 6.1; WOW64) AppleWebKit/537.36 (KHTML, like Gecko) Chrome/36.0.1985.125 Safari/537.36"""
2018-11-19 02:08:38.796,24,paid,,,672,"Lake Havasu City-Kingman, AZ","""Mozilla/5.0 (Windows NT 6.1; WOW64) AppleWebKit/537.36 (KHTML, like Gecko) Chrome/36.0.1985.125 Safari/537.36"""
2018-11-19 02:14:01.796,24,paid,,,672,"Lake Havasu City-Kingman, AZ","""Mozilla/5.0 (Windows NT 6.1; WOW64) AppleWebKit/537.36 (KHTML, like Gecko) Chrome/36.0.1985.125 Safari/537.36"""
2018-11-19 02:17:48.796,24,paid,,,672,"Lake Havasu City-Kingman, AZ","""Mozilla/5.0 (Windows NT 6.1; WOW64) AppleWebKit/537.36 (KHTML, like Gecko) Chrome/36.0.1985.125 Safari/537.36"""
2018-11-19 02:21:08.796,24,paid,,,672,"Lake Havasu City-Kingman, AZ","""Mozilla/5.0 (Windows NT 6.1; WOW64) AppleWebKit/537.36 (KHTML, like Gecko) Chrome/36.0.1985.125 Safari/537.36"""
2018-11-19 02:26:55.796,24,paid,,,672,"Lake Havasu City-Kingman, AZ","""Mozilla/5.0 (Windows NT 6.1; WOW64) AppleWebKit/537.36 (KHTML, like Gecko) Chrome/36.0.1985.125 Safari/537.36"""
2018-11-19 02:32:26.796,24,paid,,,672,"Lake Havasu City-Kingman, AZ","""Mozilla/5.0 (Windows NT 6.1; WOW64) AppleWebKit/537.36 (KHTML, like Gecko) Chrome/36.0.1985.125 Safari/537.36"""
2018-11-19 02:37:09.796,24,paid,,,672,"Lake Havasu City-Kingman, AZ","""Mozilla/5.0 (Windows NT 6.1; WOW64) AppleWebKit/537.36 (KHTML, like Gecko) Chrome/36.0.1985.125 Safari/537.36"""
2018-11-19 02:42:42.796,24,paid,,,672,"Lake Havasu City-Kingman, AZ","""Mozilla/5.0 (Windows NT 6.1; WOW64) AppleWebKit/537.36 (KHTML, like Gecko) Chrome/36.0.1985.125 Safari/537.36"""
2018-11-19 02:47:01.796,24,paid,,,672,"Lake Havasu City-Kingman, AZ","""Mozilla/5.0 (Windows NT 6.1; WOW64) AppleWebKit/537.36 (KHTML, like Gecko) Chrome/36.0.1985.125 Safari/537.36"""
2018-11-19 02:49:58.796,24,paid,,,672,"Lake Havasu City-Kingman, AZ","""Mozilla/5.0 (Windows NT 6.1; WOW64) AppleWebKit/537.36 (KHTML, like Gecko) Chrome/36.0.1985.125 Safari/537.36"""
2018-11-19 02:53:22.796,24,paid,,,672,"Lake Havasu City-Kingman, AZ","""Mozilla/5.0 (Windows NT 6.1; WOW64) AppleWebKit/537.36 (KHTML, like Gecko) Chrome/36.0.1985.125 Safari/537.36"""
2018-11-19 02:57:48.796,24,paid,,,672,"Lake Havasu City-Kingman, AZ","""Mozilla/5.0 (Windows NT 6.1; WOW64) AppleWebKit/537.36 (KHTML, like Gecko) Chrome/36.0.1985.125 Safari/537.36"""
2018-11-19 03:02:37.796,24,paid,,,672,"Lake Havasu City-Kingman, AZ","""Mozilla/5.0 (Windows NT 6.1; WOW64) AppleWebKit/537.36 (KHTML, like Gecko) Chrome/36.0.1985.125 Safari/537.36"""
2018-11-19 03:06:59.796,24,paid,,,672,"Lake Havasu City-Kingman, AZ","""Mozilla/5.0 (Windows NT 6.1; WOW64) AppleWebKit/537.36 (KHTML, like Gecko) Chrome/36.0.1985.125 Safari/537.36"""
2018-11-19 03:10:09.796,24,paid,,,672,"Lake Havasu City-Kingman, AZ","""Mozilla/5.0 (Windows NT 6.1; WOW64) AppleWebKit/537.36 (KHTML, like Gecko) Chrome/36.0.1985.125 Safari/537.36"""
2018-11-19 03:14:29.796,24,paid,,,672,"Lake Havasu City-Kingman, AZ","""Mozilla/5.0 (Windows NT 6.1; WOW64) AppleWebKit/537.36 (KHTML, like Gecko) Chrome/36.0.1985.125 Safari/537.36"""
2018-11-19 03:16:41.796,24,paid,,,672,"Lake Havasu City-Kingman, AZ","""Mozilla/5.0 (Windows NT 6.1; WOW64) AppleWebKit/537.36 (KHTML, like Gecko) Chrome/36.0.1985.125 Safari/537.36"""
2018-11-19 03:20:39.796,24,paid,,,672,"Lake Havasu City-Kingman, AZ","""Mozilla/5.0 (Windows NT 6.1; WOW64) AppleWebKit/537.36 (KHTML, like Gecko) Chrome/36.0.1985.125 Safari/537.36"""
2018-11-19 03:23:41.796,24,paid,,,672,"Lake Havasu City-Kingman, AZ","""Mozilla/5.0 (Windows NT 6.1; WOW64) AppleWebKit/537.36 (KHTML, like Gecko) Chrome/36.0.1985.125 Safari/537.36"""
2018-11-19 03:30:27.796,24,paid,,,672,"Lake Havasu City-Kingman, AZ","""Mozilla/5.0 (Windows NT 6.1; WOW64) AppleWebKit/537.36 (KHTML, like Gecko) Chrome/36.0.1985.125 Safari/537.36"""
2018-11-19 03:33:13.796,24,paid,,,672,"Lake Havasu City-Kingman, AZ","""Mozilla/5.0 (Windows NT 6.1; WOW64) AppleWebKit/537.36 (KHTML, like Gecko) Chrome/36.0.1985.125 Safari/537.36"""
2018-11-19 03:37:40.796,24,paid,,,672,"Lake Havasu City-Kingman, AZ","""Mozilla/5.0 (Windows NT 6.1; WOW64) AppleWebKit/537.36 (KHTML, like Gecko) Chrome/36.0.1985.125 Safari/537.36"""
2018-11-19 03:43:28.796,24,paid,,,672,"Lake Havasu City-Kingman, AZ","""Mozilla/5.0 (Windows NT 6.1; WOW64) AppleWebKit/537.36 (KHTML, like Gecko) Chrome/36.0.1985.125 Safari/537.36"""
2018-11-19 03:45:32.796,24,paid,,,672,"Lake Havasu City-Kingman, AZ","""Mozilla/5.0 (Windows NT 6.1; WOW64) AppleWebKit/537.36 (KHTML, like Gecko) Chrome/36.0.1985.125 Safari/537.36"""
2018-11-19 03:50:25.796,24,paid,,,672,"Lake Havasu City-Kingman, AZ","""Mozilla/5.0 (Windows NT 6.1; WOW64) AppleWebKit/537.36 (KHTML, like Gecko) Chrome/36.0.1985.125 Safari/537.36"""
2018-11-19 03:54:54.796,24,paid,,,672,"Lake Havasu City-Kingman, AZ","""Mozilla/5.0 (Windows NT 6.1; WOW64) AppleWebKit/537.36 (KHTML, like Gecko) Chrome/36.0.1985.125 Safari/537.36"""
2018-11-19 03:58:05.796,24,paid,,,672,"Lake Havasu City-Kingman, AZ","""Mozilla/5.0 (Windows NT 6.1; WOW64) AppleWebKit/537.36 (KHTML, like Gecko) Chrome/36.0.1985.125 Safari/537.36"""
2018-11-19 04:00:47.796,66,free,,,676,"Harrisburg-Carlisle, PA","""Mozilla/5.0 (Macintosh; Intel Mac OS X 10_9_4) AppleWebKit/537.36 (KHTML, like Gecko) Chrome/36.0.1985.125 Safari/537.36"""
2018-11-19 04:02:39.796,24,paid,,,672,"Lake Havasu City-Kingman, AZ","""Mozilla/5.0 (Windows NT 6.1; WOW64) AppleWebKit/537.36 (KHTML, like Gecko) Chrome/36.0.1985.125 Safari/537.36"""
2018-11-19 04:07:11.796,24,paid,,,672,"Lake Havasu City-Kingman, AZ","""Mozilla/5.0 (Windows NT 6.1; WOW64) AppleWebKit/537.36 (KHTML, like Gecko) Chrome/36.0.1985.125 Safari/537.36"""
2018-11-19 04:14:17.796,24,paid,,,672,"Lake Havasu City-Kingman, AZ","""Mozilla/5.0 (Windows NT 6.1; WOW64) AppleWebKit/537.36 (KHTML, like Gecko) Chrome/36.0.1985.125 Safari/537.36"""
2018-11-19 04:17:56.796,24,paid,,,672,"Lake Havasu City-Kingman, AZ","""Mozilla/5.0 (Windows NT 6.1; WOW64) AppleWebKit/537.36 (KHTML, like Gecko) Chrome/36.0.1985.125 Safari/537.36"""
2018-11-19 04:21:47.796,24,paid,,,672,"Lake Havasu City-Kingman, AZ","""Mozilla/5.0 (Windows NT 6.1; WOW64) AppleWebKit/537.36 (KHTML, like Gecko) Chrome/36.0.1985.125 Safari/537.36"""
2018-11-19 04:24:42.796,37,free,,,684,"Salinas, CA","""Mozilla/5.0 (Macintosh; Intel Mac OS X 10_9_4) AppleWebKit/537.78.2 (KHTML, like Gecko) Version/7.0.6 Safari/537.78.2"""
2018-11-19 04:25:29.796,24,paid,,,672,"Lake Havasu City-Kingman, AZ","""Mozilla/5.0 (Windows NT 6.1; WOW64) AppleWebKit/537.36 (KHTML, like Gecko) Chrome/36.0.1985.125 Safari/537.36"""
2018-11-19 04:28:44.796,24,paid,,,672,"Lake Havasu City-Kingman, AZ","""Mozilla/5.0 (Windows NT 6.1; WOW64) AppleWebKit/537.36 (KHTML, like Gecko) Chrome/36.0.1985.125 Safari/537.36"""
2018-11-19 04:32:05.796,24,paid,,,672,"Lake Havasu City-Kingman, AZ","""Mozilla/5.0 (Windows NT 6.1; WOW64) AppleWebKit/537.36 (KHTML, like Gecko) Chrome/36.0.1985.125 Safari/537.36"""
2018-11-19 04:36:10.796,15,paid,,,612,"Chicago-Naperville-Elgin, IL-IN-WI","""Mozilla/5.0 (X11; Linux x86_64) AppleWebKit/537.36 (KHTML, like Gecko) Ubuntu Chromium/36.0.1985.125 Chrome/36.0.1985.125 Safari/537.36"""
2018-11-19 04:36:24.796,24,paid,,,672,"Lake Havasu City-Kingman, AZ","""Mozilla/5.0 (Windows NT 6.1; WOW64) AppleWebKit/537.36 (KHTML, like Gecko) Chrome/36.0.1985.125 Safari/537.36"""
2018-11-19 04:39:59.796,24,paid,,,672,"Lake Havasu City-Kingman, AZ","""Mozilla/5.0 (Windows NT 6.1; WOW64) AppleWebKit/537.36 (KHTML, like Gecko) Chrome/36.0.1985.125 Safari/537.36"""
2018-11-19 04:40:09.796,15,paid,,,612,"Chicago-Naperville-Elgin, IL-IN-WI","""Mozilla/5.0 (X11; Linux x86_64) AppleWebKit/537.36 (KHTML, like Gecko) Ubuntu Chromium/36.0.1985.125 Chrome/36.0.1985.125 Safari/537.36"""
2018-11-19 04:43:45.796,15,paid,,,612,"Chicago-Naperville-Elgin, IL-IN-WI","""Mozilla/5.0 (X11; Linux x86_64) AppleWebKit/537.36 (KHTML, like Gecko) Ubuntu Chromium/36.0.1985.125 Chrome/36.0.1985.125 Safari/537.36"""
2018-11-19 04:43:57.796,24,paid,,,672,"Lake Havasu City-Kingman, AZ","""Mozilla/5.0 (Windows NT 6.1; WOW64) AppleWebKit/537.36 (KHTML, like Gecko) Chrome/36.0.1985.125 Safari/537.36"""
2018-11-19 04:48:10.796,24,paid,,,672,"Lake Havasu City-Kingman, AZ","""Mozilla/5.0 (Windows NT 6.1; WOW64) AppleWebKit/537.36 (KHTML, like Gecko) Chrome/36.0.1985.125 Safari/537.36"""
2018-11-19 04:49:13.796,15,paid,,,612,"Chicago-Naperville-Elgin, IL-IN-WI","""Mozilla/5.0 (X11; Linux x86_64) AppleWebKit/537.36 (KHTML, like Gecko) Ubuntu Chromium/36.0.1985.125 Chrome/36.0.1985.125 Safari/537.36"""
2018-11-19 04:51:28.796,24,paid,,,672,"Lake Havasu City-Kingman, AZ","""Mozilla/5.0 (Windows NT 6.1; WOW64) AppleWebKit/537.36 (KHTML, like Gecko) Chrome/36.0.1985.125 Safari/537.36"""
2018-11-19 04:53:26.796,15,paid,,,612,"Chicago-Naperville-Elgin, IL-IN-WI","""Mozilla/5.0 (X11; Linux x86_64) AppleWebKit/537.36 (KHTML, like Gecko) Ubuntu Chromium/36.0.1985.125 Chrome/36.0.1985.125 Safari/537.36"""
2018-11-19 04:55:30.796,24,paid,,,672,"Lake Havasu City-Kingman, AZ","""Mozilla/5.0 (Windows NT 6.1; WOW64) AppleWebKit/537.36 (KHTML, like Gecko) Chrome/36.0.1985.125 Safari/537.36"""
2018-11-19 04:56:47.796,15,paid,,,612,"Chicago-Naperville-Elgin, IL-IN-WI","""Mozilla/5.0 (X11; Linux x86_64) AppleWebKit/537.36 (KHTML, like Gecko) Ubuntu Chromium/36.0.1985.125 Chrome/36.0.1985.125 Safari/537.36"""
2018-11-19 04:58:56.796,24,paid,,,672,"Lake Havasu City-Kingman, AZ","""Mozilla/5.0 (Windows NT 6.1; WOW64) AppleWebKit/537.36 (KHTML, like Gecko) Chrome/36.0.1985.125 Safari/537.36"""
2018-11-19 05:02:33.796,15,paid,,,612,"Chicago-Naperville-Elgin, IL-IN-WI","""Mozilla/5.0 (X11; Linux x86_64) AppleWebKit/537.36 (KHTML, like Gecko) Ubuntu Chromium/36.0.1985.125 Chrome/36.0.1985.125 Safari/537.36"""
2018-11-19 05:02:42.796,24,paid,,,672,"Lake Havasu City-Kingman, AZ","""Mozilla/5.0 (Windows NT 6.1; WOW64) AppleWebKit/537.36 (KHTML, like Gecko) Chrome/36.0.1985.125 Safari/537.36"""
2018-11-19 05:04:55.796,15,paid,,,612,"Chicago-Naperville-Elgin, IL-IN-WI","""Mozilla/5.0 (X11; Linux x86_64) AppleWebKit/537.36 (KHTML, like Gecko) Ubuntu Chromium/36.0.1985.125 Chrome/36.0.1985.125 Safari/537.36"""
2018-11-19 05:06:53.796,24,paid,,,672,"Lake Havasu City-Kingman, AZ","""Mozilla/5.0 (Windows NT 6.1; WOW64) AppleWebKit/537.36 (KHTML, like Gecko) Chrome/36.0.1985.125 Safari/537.36"""
2018-11-19 05:07:36.796,15,paid,,,612,"Chicago-Naperville-Elgin, IL-IN-WI","""Mozilla/5.0 (X11; Linux x86_64) AppleWebKit/537.36 (KHTML, like Gecko) Ubuntu Chromium/36.0.1985.125 Chrome/36.0.1985.125 Safari/537.36"""
2018-11-19 05:11:23.796,15,paid,,,612,"Chicago-Naperville-Elgin, IL-IN-WI","""Mozilla/5.0 (X11; Linux x86_64) AppleWebKit/537.36 (KHTML, like Gecko) Ubuntu Chromium/36.0.1985.125 Chrome/36.0.1985.125 Safari/537.36"""
2018-11-19 05:11:55.796,24,paid,,,672,"Lake Havasu City-Kingman, AZ","""Mozilla/5.0 (Windows NT 6.1; WOW64) AppleWebKit/537.36 (KHTML, like Gecko) Chrome/36.0.1985.125 Safari/537.36"""
2018-11-19 05:17:27.796,24,paid,,,672,"Lake Havasu City-Kingman, AZ","""Mozilla/5.0 (Windows NT 6.1; WOW64) AppleWebKit/537.36 (KHTML, like Gecko) Chrome/36.0.1985.125 Safari/537.36"""
2018-11-19 05:21:07.796,24,paid,,,672,"Lake Havasu City-Kingman, AZ","""Mozilla/5.0 (Windows NT 6.1; WOW64) AppleWebKit/537.36 (KHTML, like Gecko) Chrome/36.0.1985.125 Safari/537.36"""
2018-11-19 05:26:05.796,24,paid,,,672,"Lake Havasu City-Kingman, AZ","""Mozilla/5.0 (Windows NT 6.1; WOW64) AppleWebKit/537.36 (KHTML, like Gecko) Chrome/36.0.1985.125 Safari/537.36"""
2018-11-19 05:30:33.796,24,paid,,,672,"Lake Havasu City-Kingman, AZ","""Mozilla/5.0 (Windows NT 6.1; WOW64) AppleWebKit/537.36 (KHTML, like Gecko) Chrome/36.0.1985.125 Safari/537.36"""
2018-11-19 05:32:40.796,10,free,,,681,"Washington-Arlington-Alexandria, DC-VA-MD-WV","""Mozilla/5.0 (Macintosh; Intel Mac OS X 10_9_4) AppleWebKit/537.77.4 (KHTML, like Gecko) Version/7.0.5 Safari/537.77.4"""
2018-11-19 05:33:45.796,24,paid,,,672,"Lake Havasu City-Kingman, AZ","""Mozilla/5.0 (Windows NT 6.1; WOW64) AppleWebKit/537.36 (KHTML, like Gecko) Chrome/36.0.1985.125 Safari/537.36"""
2018-11-19 05:38:06.796,24,paid,,,672,"Lake Havasu City-Kingman, AZ","""Mozilla/5.0 (Windows NT 6.1; WOW64) AppleWebKit/537.36 (KHTML, like Gecko) Chrome/36.0.1985.125 Safari/537.36"""
2018-11-19 05:40:08.796,24,paid,,,672,"Lake Havasu City-Kingman, AZ","""Mozilla/5.0 (Windows NT 6.1; WOW64) AppleWebKit/537.36 (KHTML, like Gecko) Chrome/36.0.1985.125 Safari/537.36"""
2018-11-19 05:47:22.796,24,paid,,,672,"Lake Havasu City-Kingman, AZ","""Mozilla/5.0 (Windows NT 6.1; WOW64) AppleWebKit/537.36 (KHTML, like Gecko) Chrome/36.0.1985.125 Safari/537.36"""
2018-11-19 05:53:10.796,24,paid,,,672,"Lake Havasu City-Kingman, AZ","""Mozilla/5.0 (Windows NT 6.1; WOW64) AppleWebKit/537.36 (KHTML, like Gecko) Chrome/36.0.1985.125 Safari/537.36"""
2018-11-19 05:56:33.796,24,paid,,,672,"Lake Havasu City-Kingman, AZ","""Mozilla/5.0 (Windows NT 6.1; WOW64) AppleWebKit/537.36 (KHTML, like Gecko) Chrome/36.0.1985.125 Safari/537.36"""
2018-11-19 06:00:31.796,24,paid,,,672,"Lake Havasu City-Kingman, AZ","""Mozilla/5.0 (Windows NT 6.1; WOW64) AppleWebKit/537.36 (KHTML, like Gecko) Chrome/36.0.1985.125 Safari/537.36"""
2018-11-19 06:04:28.796,24,paid,,,672,"Lake Havasu City-Kingman, AZ","""Mozilla/5.0 (Windows NT 6.1; WOW64) AppleWebKit/537.36 (KHTML, like Gecko) Chrome/36.0.1985.125 Safari/537.36"""
2018-11-19 06:08:22.796,24,paid,,,672,"Lake Havasu City-Kingman, AZ","""Mozilla/5.0 (Windows NT 6.1; WOW64) AppleWebKit/537.36 (KHTML, like Gecko) Chrome/36.0.1985.125 Safari/537.36"""
2018-11-19 06:12:28.796,24,paid,,,672,"Lake Havasu City-Kingman, AZ","""Mozilla/5.0 (Windows NT 6.1; WOW64) AppleWebKit/537.36 (KHTML, like Gecko) Chrome/36.0.1985.125 Safari/537.36"""
2018-11-19 06:16:55.796,24,paid,,,672,"Lake Havasu City-Kingman, AZ","""Mozilla/5.0 (Windows NT 6.1; WOW64) AppleWebKit/537.36 (KHTML, like Gecko) Chrome/36.0.1985.125 Safari/537.36"""
2018-11-19 06:21:04.796,24,paid,,,672,"Lake Havasu City-Kingman, AZ","""Mozilla/5.0 (Windows NT 6.1; WOW64) AppleWebKit/537.36 (KHTML, like Gecko) Chrome/36.0.1985.125 Safari/537.36"""
2018-11-19 06:22:51.796,80,paid,,,666,"Portland-South Portland, ME","""Mozilla/5.0 (Macintosh; Intel Mac OS X 10_9_4) AppleWebKit/537.36 (KHTML, like Gecko) Chrome/36.0.1985.143 Safari/537.36"""
2018-11-19 06:25:13.796,24,paid,,,672,"Lake Havasu City-Kingman, AZ","""Mozilla/5.0 (Windows NT 6.1; WOW64) AppleWebKit/537.36 (KHTML, like Gecko) Chrome/36.0.1985.125 Safari/537.36"""
2018-11-19 06:26:08.796,80,paid,,,666,"Portland-South Portland, ME","""Mozilla/5.0 (Macintosh; Intel Mac OS X 10_9_4) AppleWebKit/537.36 (KHTML, like Gecko) Chrome/36.0.1985.143 Safari/537.36"""
2018-11-19 06:30:00.796,24,paid,,,672,"Lake Havasu City-Kingman, AZ","""Mozilla/5.0 (Windows NT 6.1; WOW64) AppleWebKit/537.36 (KHTML, like Gecko) Chrome/36.0.1985.125 Safari/537.36"""
2018-11-19 06:30:08.796,80,paid,,,666,"Portland-South Portland, ME","""Mozilla/5.0 (Macintosh; Intel Mac OS X 10_9_4) AppleWebKit/537.36 (KHTML, like Gecko) Chrome/36.0.1985.143 Safari/537.36"""
2018-11-19 06:34:21.796,80,paid,,,666,"Portland-South Portland, ME","""Mozilla/5.0 (Macintosh; Intel Mac OS X 10_9_4) AppleWebKit/537.36 (KHTML, like Gecko) Chrome/36.0.1985.143 Safari/537.36"""
2018-11-19 06:35:11.796,24,paid,,,672,"Lake Havasu City-Kingman, AZ","""Mozilla/5.0 (Windows NT 6.1; WOW64) AppleWebKit/537.36 (KHTML, like Gecko) Chrome/36.0.1985.125 Safari/537.36"""
2018-11-19 06:38:03.796,24,paid,,,672,"Lake Havasu City-Kingman, AZ","""Mozilla/5.0 (Windows NT 6.1; WOW64) AppleWebKit/537.36 (KHTML, like Gecko) Chrome/36.0.1985.125 Safari/537.36"""
2018-11-19 06:40:58.796,24,paid,,,672,"Lake Havasu City-Kingman, AZ","""Mozilla/5.0 (Windows NT 6.1; WOW64) AppleWebKit/537.36 (KHTML, like Gecko) Chrome/36.0.1985.125 Safari/537.36"""
2018-11-19 06:45:01.796,24,paid,,,672,"Lake Havasu City-Kingman, AZ","""Mozilla/5.0 (Windows NT 6.1; WOW64) AppleWebKit/537.36 (KHTML, like Gecko) Chrome/36.0.1985.125 Safari/537.36"""
2018-11-19 06:49:00.796,24,paid,,,672,"Lake Havasu City-Kingman, AZ","""Mozilla/5.0 (Windows NT 6.1; WOW64) AppleWebKit/537.36 (KHTML, like Gecko) Chrome/36.0.1985.125 Safari/537.36"""
2018-11-19 06:54:38.796,24,paid,,,672,"Lake Havasu City-Kingman, AZ","""Mozilla/5.0 (Windows NT 6.1; WOW64) AppleWebKit/537.36 (KHTML, like Gecko) Chrome/36.0.1985.125 Safari/537.36"""
2018-11-19 06:58:30.796,24,paid,,,672,"Lake Havasu City-Kingman, AZ","""Mozilla/5.0 (Windows NT 6.1; WOW64) AppleWebKit/537.36 (KHTML, like Gecko) Chrome/36.0.1985.125 Safari/537.36"""
2018-11-19 07:02:19.796,24,paid,,,672,"Lake Havasu City-Kingman, AZ","""Mozilla/5.0 (Windows NT 6.1; WOW64) AppleWebKit/537.36 (KHTML, like Gecko) Chrome/36.0.1985.125 Safari/537.36"""
2018-11-19 07:07:40.796,24,paid,,,672,"Lake Havasu City-Kingman, AZ","""Mozilla/5.0 (Windows NT 6.1; WOW64) AppleWebKit/537.36 (KHTML, like Gecko) Chrome/36.0.1985.125 Safari/537.36"""
2018-11-19 07:11:29.796,24,paid,,,672,"Lake Havasu City-Kingman, AZ","""Mozilla/5.0 (Windows NT 6.1; WOW64) AppleWebKit/537.36 (KHTML, like Gecko) Chrome/36.0.1985.125 Safari/537.36"""
2018-11-19 07:15:18.796,24,paid,,,672,"Lake Havasu City-Kingman, AZ","""Mozilla/5.0 (Windows NT 6.1; WOW64) AppleWebKit/537.36 (KHTML, like Gecko) Chrome/36.0.1985.125 Safari/537.36"""
2018-11-19 07:20:13.796,24,paid,,,672,"Lake Havasu City-Kingman, AZ","""Mozilla/5.0 (Windows NT 6.1; WOW64) AppleWebKit/537.36 (KHTML, like Gecko) Chrome/36.0.1985.125 Safari/537.36"""
2018-11-19 07:29:36.796,24,paid,,,672,"Lake Havasu City-Kingman, AZ","""Mozilla/5.0 (Windows NT 6.1; WOW64) AppleWebKit/537.36 (KHTML, like Gecko) Chrome/36.0.1985.125 Safari/537.36"""
2018-11-19 07:32:23.796,24,paid,,,672,"Lake Havasu City-Kingman, AZ","""Mozilla/5.0 (Windows NT 6.1; WOW64) AppleWebKit/537.36 (KHTML, like Gecko) Chrome/36.0.1985.125 Safari/537.36"""
2018-11-19 07:37:44.796,24,paid,,,672,"Lake Havasu City-Kingman, AZ","""Mozilla/5.0 (Windows NT 6.1; WOW64) AppleWebKit/537.36 (KHTML, like Gecko) Chrome/36.0.1985.125 Safari/537.36"""
2018-11-19 07:40:52.796,24,paid,,,672,"Lake Havasu City-Kingman, AZ","""Mozilla/5.0 (Windows NT 6.1; WOW64) AppleWebKit/537.36 (KHTML, like Gecko) Chrome/36.0.1985.125 Safari/537.36"""
2018-11-19 07:44:08.796,24,paid,,,672,"Lake Havasu City-Kingman, AZ","""Mozilla/5.0 (Windows NT 6.1; WOW64) AppleWebKit/537.36 (KHTML, like Gecko) Chrome/36.0.1985.125 Safari/537.36"""
2018-11-19 07:47:46.796,24,paid,,,672,"Lake Havasu City-Kingman, AZ","""Mozilla/5.0 (Windows NT 6.1; WOW64) AppleWebKit/537.36 (KHTML, like Gecko) Chrome/36.0.1985.125 Safari/537.36"""
2018-11-19 07:51:09.796,24,paid,,,672,"Lake Havasu City-Kingman, AZ","""Mozilla/5.0 (Windows NT 6.1; WOW64) AppleWebKit/537.36 (KHTML, like Gecko) Chrome/36.0.1985.125 Safari/537.36"""
2018-11-19 07:55:08.796,24,paid,,,672,"Lake Havasu City-Kingman, AZ","""Mozilla/5.0 (Windows NT 6.1; WOW64) AppleWebKit/537.36 (KHTML, like Gecko) Chrome/36.0.1985.125 Safari/537.36"""
2018-11-19 07:56:20.796,26,free,,,706,"San Jose-Sunnyvale-Santa Clara, CA","""Mozilla/5.0 (X11; Linux x86_64) AppleWebKit/537.36 (KHTML, like Gecko) Ubuntu Chromium/36.0.1985.125 Chrome/36.0.1985.125 Safari/537.36"""
2018-11-19 07:58:41.796,24,paid,,,672,"Lake Havasu City-Kingman, AZ","""Mozilla/5.0 (Windows NT 6.1; WOW64) AppleWebKit/537.36 (KHTML, like Gecko) Chrome/36.0.1985.125 Safari/537.36"""
2018-11-19 08:02:50.796,24,paid,,,672,"Lake Havasu City-Kingman, AZ","""Mozilla/5.0 (Windows NT 6.1; WOW64) AppleWebKit/537.36 (KHTML, like Gecko) Chrome/36.0.1985.125 Safari/537.36"""
2018-11-19 08:11:25.796,24,paid,,,672,"Lake Havasu City-Kingman, AZ","""Mozilla/5.0 (Windows NT 6.1; WOW64) AppleWebKit/537.36 (KHTML, like Gecko) Chrome/36.0.1985.125 Safari/537.36"""
2018-11-19 08:17:30.796,58,paid,,,579,"Augusta-Richmond County, GA-SC","""Mozilla/5.0 (Windows NT 6.3; WOW64) AppleWebKit/537.36 (KHTML, like Gecko) Chrome/36.0.1985.125 Safari/537.36"""
2018-11-19 08:23:30.796,58,paid,,,579,"Augusta-Richmond County, GA-SC","""Mozilla/5.0 (Windows NT 6.3; WOW64) AppleWebKit/537.36 (KHTML, like Gecko) Chrome/36.0.1985.125 Safari/537.36"""
2018-11-19 08:25:08.796,24,paid,,,672,"Lake Havasu City-Kingman, AZ","""Mozilla/5.0 (Windows NT 6.1; WOW64) AppleWebKit/537.36 (KHTML, like Gecko) Chrome/36.0.1985.125 Safari/537.36"""
2018-11-19 08:27:48.796,58,paid,,,579,"Augusta-Richmond County, GA-SC","""Mozilla/5.0 (Windows NT 6.3; WOW64) AppleWebKit/537.36 (KHTML, like Gecko) Chrome/36.0.1985.125 Safari/537.36"""
2018-11-19 08:28:41.796,24,paid,,,672,"Lake Havasu City-Kingman, AZ","""Mozilla/5.0 (Windows NT 6.1; WOW64) AppleWebKit/537.36 (KHTML, like Gecko) Chrome/36.0.1985.125 Safari/537.36"""
2018-11-19 08:29:08.796,75,free,,,467,"Columbia, SC","""Mozilla/5.0 (Macintosh; Intel Mac OS X 10_9_3) AppleWebKit/537.75.14 (KHTML, like Gecko) Version/7.0.3 Safari/537.75.14"""
2018-11-19 08:32:12.796,24,paid,,,672,"Lake Havasu City-Kingman, AZ","""Mozilla/5.0 (Windows NT 6.1; WOW64) AppleWebKit/537.36 (KHTML, like Gecko) Chrome/36.0.1985.125 Safari/537.36"""
2018-11-19 08:35:58.796,24,paid,,,672,"Lake Havasu City-Kingman, AZ","""Mozilla/5.0 (Windows NT 6.1; WOW64) AppleWebKit/537.36 (KHTML, like Gecko) Chrome/36.0.1985.125 Safari/537.36"""
2018-11-19 08:43:57.796,24,paid,,,672,"Lake Havasu City-Kingman, AZ","""Mozilla/5.0 (Windows NT 6.1; WOW64) AppleWebKit/537.36 (KHTML, like Gecko) Chrome/36.0.1985.125 Safari/537.36"""
2018-11-19 08:45:14.796,67,free,,,599,"Nashville-Davidson--Murfreesboro--Franklin, TN","""Mozilla/5.0 (Macintosh; Intel Mac OS X 10_9_4) AppleWebKit/537.36 (KHTML, like Gecko) Chrome/36.0.1985.125 Safari/537.36"""
2018-11-19 08:47:58.796,24,paid,,,672,"Lake Havasu City-Kingman, AZ","""Mozilla/5.0 (Windows NT 6.1; WOW64) AppleWebKit/537.36 (KHTML, like Gecko) Chrome/36.0.1985.125 Safari/537.36"""
2018-11-19 08:57:17.796,24,paid,,,672,"Lake Havasu City-Kingman, AZ","""Mozilla/5.0 (Windows NT 6.1; WOW64) AppleWebKit/537.36 (KHTML, like Gecko) Chrome/36.0.1985.125 Safari/537.36"""
2018-11-19 09:00:59.796,24,paid,,,672,"Lake Havasu City-Kingman, AZ","""Mozilla/5.0 (Windows NT 6.1; WOW64) AppleWebKit/537.36 (KHTML, like Gecko) Chrome/36.0.1985.125 Safari/537.36"""
2018-11-19 09:06:14.796,24,paid,,,672,"Lake Havasu City-Kingman, AZ","""Mozilla/5.0 (Windows NT 6.1; WOW64) AppleWebKit/537.36 (KHTML, like Gecko) Chrome/36.0.1985.125 Safari/537.36"""
2018-11-19 09:09:14.796,24,paid,,,672,"Lake Havasu City-Kingman, AZ","""Mozilla/5.0 (Windows NT 6.1; WOW64) AppleWebKit/537.36 (KHTML, like Gecko) Chrome/36.0.1985.125 Safari/537.36"""
2018-11-19 09:14:20.796,24,paid,,,672,"Lake Havasu City-Kingman, AZ","""Mozilla/5.0 (Windows NT 6.1; WOW64) AppleWebKit/537.36 (KHTML, like Gecko) Chrome/36.0.1985.125 Safari/537.36"""
2018-11-19 09:15:36.796,24,paid,,,672,"Lake Havasu City-Kingman, AZ","""Mozilla/5.0 (Windows NT 6.1; WOW64) AppleWebKit/537.36 (KHTML, like Gecko) Chrome/36.0.1985.125 Safari/537.36"""
2018-11-19 09:19:14.796,24,paid,,,672,"Lake Havasu City-Kingman, AZ","""Mozilla/5.0 (Windows NT 6.1; WOW64) AppleWebKit/537.36 (KHTML, like Gecko) Chrome/36.0.1985.125 Safari/537.36"""
2018-11-19 09:23:31.796,24,paid,,,672,"Lake Havasu City-Kingman, AZ","""Mozilla/5.0 (Windows NT 6.1; WOW64) AppleWebKit/537.36 (KHTML, like Gecko) Chrome/36.0.1985.125 Safari/537.36"""
2018-11-19 09:26:36.796,24,paid,,,672,"Lake Havasu City-Kingman, AZ","""Mozilla/5.0 (Windows NT 6.1; WOW64) AppleWebKit/537.36 (KHTML, like Gecko) Chrome/36.0.1985.125 Safari/537.36"""
2018-11-19 09:30:29.796,24,paid,,,672,"Lake Havasu City-Kingman, AZ","""Mozilla/5.0 (Windows NT 6.1; WOW64) AppleWebKit/537.36 (KHTML, like Gecko) Chrome/36.0.1985.125 Safari/537.36"""
2018-11-19 09:35:40.796,49,paid,,,708,"San Francisco-Oakland-Hayward, CA",Mozilla/5.0 (Windows NT 5.1; rv:31.0) Gecko/20100101 Firefox/31.0
2018-11-19 09:36:45.796,24,paid,,,672,"Lake Havasu City-Kingman, AZ","""Mozilla/5.0 (Windows NT 6.1; WOW64) AppleWebKit/537.36 (KHTML, like Gecko) Chrome/36.0.1985.125 Safari/537.36"""
2018-11-19 09:39:49.796,49,paid,,,708,"San Francisco-Oakland-Hayward, CA",Mozilla/5.0 (Windows NT 5.1; rv:31.0) Gecko/20100101 Firefox/31.0
2018-11-19 09:40:13.796,24,paid,,,672,"Lake Havasu City-Kingman, AZ","""Mozilla/5.0 (Windows NT 6.1; WOW64) AppleWebKit/537.36 (KHTML, like Gecko) Chrome/36.0.1985.125 Safari/537.36"""
2018-11-19 09:45:06.796,24,paid,,,672,"Lake Havasu City-Kingman, AZ","""Mozilla/5.0 (Windows NT 6.1; WOW64) AppleWebKit/537.36 (KHTML, like Gecko) Chrome/36.0.1985.125 Safari/537.36"""
2018-11-19 09:45:59.796,49,paid,,,708,"San Francisco-Oakland-Hayward, CA",Mozilla/5.0 (Windows NT 5.1; rv:31.0) Gecko/20100101 Firefox/31.0
2018-11-19 09:50:09.796,49,paid,,,708,"San Francisco-Oakland-Hayward, CA",Mozilla/5.0 (Windows NT 5.1; rv:31.0) Gecko/20100101 Firefox/31.0
2018-11-19 09:56:22.796,49,paid,,,708,"San Francisco-Oakland-Hayward, CA",Mozilla/5.0 (Windows NT 5.1; rv:31.0) Gecko/20100101 Firefox/31.0
2018-11-19 09:59:59.796,49,paid,,,708,"San Francisco-Oakland-Hayward, CA",Mozilla/5.0 (Windows NT 5.1; rv:31.0) Gecko/20100101 Firefox/31.0
2018-11-19 10:04:46.796,49,paid,,,708,"San Francisco-Oakland-Hayward, CA",Mozilla/5.0 (Windows NT 5.1; rv:31.0) Gecko/20100101 Firefox/31.0
2018-11-19 10:08:39.796,49,paid,,,708,"San Francisco-Oakland-Hayward, CA",Mozilla/5.0 (Windows NT 5.1; rv:31.0) Gecko/20100101 Firefox/31.0
2018-11-19 10:11:44.796,49,paid,,,708,"San Francisco-Oakland-Hayward, CA",Mozilla/5.0 (Windows NT 5.1; rv:31.0) Gecko/20100101 Firefox/31.0
2018-11-19 10:14:33.796,49,paid,,,708,"San Francisco-Oakland-Hayward, CA",Mozilla/5.0 (Windows NT 5.1; rv:31.0) Gecko/20100101 Firefox/31.0
2018-11-19 10:17:03.796,49,paid,,,708,"San Francisco-Oakland-Hayward, CA",Mozilla/5.0 (Windows NT 5.1; rv:31.0) Gecko/20100101 Firefox/31.0
2018-11-19 10:20:00.796,49,paid,,,708,"San Francisco-Oakland-Hayward, CA",Mozilla/5.0 (Windows NT 5.1; rv:31.0) Gecko/20100101 Firefox/31.0
2018-11-19 10:23:51.796,49,paid,,,708,"San Francisco-Oakland-Hayward, CA",Mozilla/5.0 (Windows NT 5.1; rv:31.0) Gecko/20100101 Firefox/31.0
2018-11-19 10:29:28.796,49,paid,,,708,"San Francisco-Oakland-Hayward, CA",Mozilla/5.0 (Windows NT 5.1; rv:31.0) Gecko/20100101 Firefox/31.0
2018-11-19 10:33:07.796,49,paid,,,708,"San Francisco-Oakland-Hayward, CA",Mozilla/5.0 (Windows NT 5.1; rv:31.0) Gecko/20100101 Firefox/31.0
2018-11-19 10:36:51.796,49,paid,,,708,"San Francisco-Oakland-Hayward, CA",Mozilla/5.0 (Windows NT 5.1; rv:31.0) Gecko/20100101 Firefox/31.0
2018-11-19 10:38:28.796,49,paid,,,708,"San Francisco-Oakland-Hayward, CA",Mozilla/5.0 (Windows NT 5.1; rv:31.0) Gecko/20100101 Firefox/31.0
2018-11-19 10:42:22.796,49,paid,,,708,"San Francisco-Oakland-Hayward, CA",Mozilla/5.0 (Windows NT 5.1; rv:31.0) Gecko/20100101 Firefox/31.0
2018-11-19 10:46:18.796,49,paid,,,708,"San Francisco-Oakland-Hayward, CA",Mozilla/5.0 (Windows NT 5.1; rv:31.0) Gecko/20100101 Firefox/31.0
2018-11-19 10:49:33.796,49,paid,,,708,"San Francisco-Oakland-Hayward, CA",Mozilla/5.0 (Windows NT 5.1; rv:31.0) Gecko/20100101 Firefox/31.0
2018-11-19 10:53:17.796,49,paid,,,708,"San Francisco-Oakland-Hayward, CA",Mozilla/5.0 (Windows NT 5.1; rv:31.0) Gecko/20100101 Firefox/31.0
2018-11-19 10:58:02.796,49,paid,,,708,"San Francisco-Oakland-Hayward, CA",Mozilla/5.0 (Windows NT 5.1; rv:31.0) Gecko/20100101 Firefox/31.0
2018-11-19 11:01:55.796,49,paid,,,708,"San Francisco-Oakland-Hayward, CA",Mozilla/5.0 (Windows NT 5.1; rv:31.0) Gecko/20100101 Firefox/31.0
2018-11-19 11:05:04.796,49,paid,,,708,"San Francisco-Oakland-Hayward, CA",Mozilla/5.0 (Windows NT 5.1; rv:31.0) Gecko/20100101 Firefox/31.0
2018-11-19 11:09:43.796,49,paid,,,708,"San Francisco-Oakland-Hayward, CA",Mozilla/5.0 (Windows NT 5.1; rv:31.0) Gecko/20100101 Firefox/31.0
2018-11-19 11:13:46.796,49,paid,,,708,"San Francisco-Oakland-Hayward, CA",Mozilla/5.0 (Windows NT 5.1; rv:31.0) Gecko/20100101 Firefox/31.0
2018-11-19 11:19:13.796,49,paid,,,708,"San Francisco-Oakland-Hayward, CA",Mozilla/5.0 (Windows NT 5.1; rv:31.0) Gecko/20100101 Firefox/31.0
2018-11-19 11:27:15.796,26,free,,,719,"San Jose-Sunnyvale-Santa Clara, CA","""Mozilla/5.0 (X11; Linux x86_64) AppleWebKit/537.36 (KHTML, like Gecko) Ubuntu Chromium/36.0.1985.125 Chrome/36.0.1985.125 Safari/537.36"""
2018-11-19 11:30:11.796,26,free,,,719,"San Jose-Sunnyvale-Santa Clara, CA","""Mozilla/5.0 (X11; Linux x86_64) AppleWebKit/537.36 (KHTML, like Gecko) Ubuntu Chromium/36.0.1985.125 Chrome/36.0.1985.125 Safari/537.36"""
2018-11-19 12:18:05.796,88,free,,,688,"Sacramento--Roseville--Arden-Arcade, CA","""Mozilla/5.0 (Macintosh; Intel Mac OS X 10_9_4) AppleWebKit/537.36 (KHTML, like Gecko) Chrome/36.0.1985.143 Safari/537.36"""
2018-11-19 12:32:48.796,32,free,,,711,"New York-Newark-Jersey City, NY-NJ-PA","""Mozilla/5.0 (Windows NT 6.1; WOW64) AppleWebKit/537.36 (KHTML, like Gecko) Chrome/36.0.1985.125 Safari/537.36"""
2018-11-19 12:47:03.796,63,free,,,627,"Santa Rosa, CA","""Mozilla/5.0 (Macintosh; Intel Mac OS X 10_9_4) AppleWebKit/537.77.4 (KHTML, like Gecko) Version/7.0.5 Safari/537.77.4"""
2018-11-19 13:10:18.796,17,free,,,190,"Chicago-Naperville-Elgin, IL-IN-WI","""Mozilla/5.0 (Windows NT 6.1; WOW64) AppleWebKit/537.36 (KHTML, like Gecko) Chrome/36.0.1985.125 Safari/537.36"""
2018-11-19 13:11:12.796,69,free,,,651,"Philadelphia-Camden-Wilmington, PA-NJ-DE-MD","""Mozilla/5.0 (Macintosh; Intel Mac OS X 10_9_4) AppleWebKit/537.36 (KHTML, like Gecko) Chrome/36.0.1985.125 Safari/537.36"""
2018-11-19 13:14:19.796,17,free,,,190,"Chicago-Naperville-Elgin, IL-IN-WI","""Mozilla/5.0 (Windows NT 6.1; WOW64) AppleWebKit/537.36 (KHTML, like Gecko) Chrome/36.0.1985.125 Safari/537.36"""
2018-11-19 13:19:21.796,17,free,,,190,"Chicago-Naperville-Elgin, IL-IN-WI","""Mozilla/5.0 (Windows NT 6.1; WOW64) AppleWebKit/537.36 (KHTML, like Gecko) Chrome/36.0.1985.125 Safari/537.36"""
2018-11-19 13:34:29.796,101,free,,,673,"New Orleans-Metairie, LA","""Mozilla/5.0 (Windows NT 6.3; WOW64) AppleWebKit/537.36 (KHTML, like Gecko) Chrome/36.0.1985.143 Safari/537.36"""
2018-11-19 13:45:15.796,41,free,,,477,"New York-Newark-Jersey City, NY-NJ-PA",Mozilla/5.0 (Windows NT 6.1; WOW64; rv:31.0) Gecko/20100101 Firefox/31.0
2018-11-19 13:49:35.796,41,free,,,477,"New York-Newark-Jersey City, NY-NJ-PA",Mozilla/5.0 (Windows NT 6.1; WOW64; rv:31.0) Gecko/20100101 Firefox/31.0
2018-11-19 13:55:34.796,41,free,,,477,"New York-Newark-Jersey City, NY-NJ-PA",Mozilla/5.0 (Windows NT 6.1; WOW64; rv:31.0) Gecko/20100101 Firefox/31.0
2018-11-19 13:57:30.796,45,free,,,403,"Los Angeles-Long Beach-Anaheim, CA","""Mozilla/5.0 (iPhone; CPU iPhone OS 7_1_2 like Mac OS X) AppleWebKit/537.51.2 (KHTML, like Gecko) Version/7.0 Mobile/11D257 Safari/9537.53"""
2018-11-19 13:58:43.796,41,free,,,477,"New York-Newark-Jersey City, NY-NJ-PA",Mozilla/5.0 (Windows NT 6.1; WOW64; rv:31.0) Gecko/20100101 Firefox/31.0
2018-11-19 14:05:58.796,41,free,,,477,"New York-Newark-Jersey City, NY-NJ-PA",Mozilla/5.0 (Windows NT 6.1; WOW64; rv:31.0) Gecko/20100101 Firefox/31.0
2018-11-19 14:09:20.796,41,free,,,477,"New York-Newark-Jersey City, NY-NJ-PA",Mozilla/5.0 (Windows NT 6.1; WOW64; rv:31.0) Gecko/20100101 Firefox/31.0
2018-11-19 14:15:46.796,41,free,,,477,"New York-Newark-Jersey City, NY-NJ-PA",Mozilla/5.0 (Windows NT 6.1; WOW64; rv:31.0) Gecko/20100101 Firefox/31.0
2018-11-19 14:19:39.796,41,free,,,477,"New York-Newark-Jersey City, NY-NJ-PA",Mozilla/5.0 (Windows NT 6.1; WOW64; rv:31.0) Gecko/20100101 Firefox/31.0
2018-11-19 15:00:33.796,70,paid,,,696,"San Antonio-New Braunfels, TX",Mozilla/5.0 (Windows NT 6.1; WOW64; rv:31.0) Gecko/20100101 Firefox/31.0
2018-11-19 15:03:56.796,70,paid,,,696,"San Antonio-New Braunfels, TX",Mozilla/5.0 (Windows NT 6.1; WOW64; rv:31.0) Gecko/20100101 Firefox/31.0
2018-11-19 15:06:33.796,70,paid,,,696,"San Antonio-New Braunfels, TX",Mozilla/5.0 (Windows NT 6.1; WOW64; rv:31.0) Gecko/20100101 Firefox/31.0
2018-11-19 15:09:46.796,70,paid,,,696,"San Antonio-New Braunfels, TX",Mozilla/5.0 (Windows NT 6.1; WOW64; rv:31.0) Gecko/20100101 Firefox/31.0
2018-11-19 15:14:03.796,70,paid,,,696,"San Antonio-New Braunfels, TX",Mozilla/5.0 (Windows NT 6.1; WOW64; rv:31.0) Gecko/20100101 Firefox/31.0
2018-11-19 15:26:07.796,49,paid,,,724,"San Francisco-Oakland-Hayward, CA",Mozilla/5.0 (Windows NT 5.1; rv:31.0) Gecko/20100101 Firefox/31.0
2018-11-19 15:26:37.796,70,paid,,,696,"San Antonio-New Braunfels, TX",Mozilla/5.0 (Windows NT 6.1; WOW64; rv:31.0) Gecko/20100101 Firefox/31.0
2018-11-19 15:30:31.796,70,paid,,,696,"San Antonio-New Braunfels, TX",Mozilla/5.0 (Windows NT 6.1; WOW64; rv:31.0) Gecko/20100101 Firefox/31.0
2018-11-19 15:30:37.796,49,paid,,,724,"San Francisco-Oakland-Hayward, CA",Mozilla/5.0 (Windows NT 5.1; rv:31.0) Gecko/20100101 Firefox/31.0
2018-11-19 15:33:58.796,49,paid,,,724,"San Francisco-Oakland-Hayward, CA",Mozilla/5.0 (Windows NT 5.1; rv:31.0) Gecko/20100101 Firefox/31.0
2018-11-19 15:36:04.796,49,paid,,,724,"San Francisco-Oakland-Hayward, CA",Mozilla/5.0 (Windows NT 5.1; rv:31.0) Gecko/20100101 Firefox/31.0
2018-11-19 15:37:06.796,70,paid,,,696,"San Antonio-New Braunfels, TX",Mozilla/5.0 (Windows NT 6.1; WOW64; rv:31.0) Gecko/20100101 Firefox/31.0
2018-11-19 15:38:38.796,49,paid,,,724,"San Francisco-Oakland-Hayward, CA",Mozilla/5.0 (Windows NT 5.1; rv:31.0) Gecko/20100101 Firefox/31.0
2018-11-19 15:40:17.796,70,paid,,,696,"San Antonio-New Braunfels, TX",Mozilla/5.0 (Windows NT 6.1; WOW64; rv:31.0) Gecko/20100101 Firefox/31.0
2018-11-19 15:43:54.796,70,paid,,,696,"San Antonio-New Braunfels, TX",Mozilla/5.0 (Windows NT 6.1; WOW64; rv:31.0) Gecko/20100101 Firefox/31.0
2018-11-19 15:47:25.796,70,paid,,,696,"San Antonio-New Braunfels, TX",Mozilla/5.0 (Windows NT 6.1; WOW64; rv:31.0) Gecko/20100101 Firefox/31.0
2018-11-19 15:50:50.796,70,paid,,,696,"San Antonio-New Braunfels, TX",Mozilla/5.0 (Windows NT 6.1; WOW64; rv:31.0) Gecko/20100101 Firefox/31.0
2018-11-19 15:55:09.796,70,paid,,,696,"San Antonio-New Braunfels, TX",Mozilla/5.0 (Windows NT 6.1; WOW64; rv:31.0) Gecko/20100101 Firefox/31.0
2018-11-19 15:58:21.796,70,paid,,,696,"San Antonio-New Braunfels, TX",Mozilla/5.0 (Windows NT 6.1; WOW64; rv:31.0) Gecko/20100101 Firefox/31.0
2018-11-19 16:01:26.796,70,paid,,,696,"San Antonio-New Braunfels, TX",Mozilla/5.0 (Windows NT 6.1; WOW64; rv:31.0) Gecko/20100101 Firefox/31.0
2018-11-19 16:05:34.796,24,paid,,,723,"Lake Havasu City-Kingman, AZ","""Mozilla/5.0 (Windows NT 6.1; WOW64) AppleWebKit/537.36 (KHTML, like Gecko) Chrome/36.0.1985.125 Safari/537.36"""
2018-11-19 16:08:23.796,24,paid,,,723,"Lake Havasu City-Kingman, AZ","""Mozilla/5.0 (Windows NT 6.1; WOW64) AppleWebKit/537.36 (KHTML, like Gecko) Chrome/36.0.1985.125 Safari/537.36"""
2018-11-19 16:11:05.796,24,paid,,,723,"Lake Havasu City-Kingman, AZ","""Mozilla/5.0 (Windows NT 6.1; WOW64) AppleWebKit/537.36 (KHTML, like Gecko) Chrome/36.0.1985.125 Safari/537.36"""
2018-11-19 16:15:00.796,24,paid,,,723,"Lake Havasu City-Kingman, AZ","""Mozilla/5.0 (Windows NT 6.1; WOW64) AppleWebKit/537.36 (KHTML, like Gecko) Chrome/36.0.1985.125 Safari/537.36"""
2018-11-19 16:20:15.796,24,paid,,,723,"Lake Havasu City-Kingman, AZ","""Mozilla/5.0 (Windows NT 6.1; WOW64) AppleWebKit/537.36 (KHTML, like Gecko) Chrome/36.0.1985.125 Safari/537.36"""
2018-11-19 16:22:22.796,24,paid,,,723,"Lake Havasu City-Kingman, AZ","""Mozilla/5.0 (Windows NT 6.1; WOW64) AppleWebKit/537.36 (KHTML, like Gecko) Chrome/36.0.1985.125 Safari/537.36"""
2018-11-19 16:26:36.796,24,paid,,,723,"Lake Havasu City-Kingman, AZ","""Mozilla/5.0 (Windows NT 6.1; WOW64) AppleWebKit/537.36 (KHTML, like Gecko) Chrome/36.0.1985.125 Safari/537.36"""
2018-11-19 16:29:46.796,24,paid,,,723,"Lake Havasu City-Kingman, AZ","""Mozilla/5.0 (Windows NT 6.1; WOW64) AppleWebKit/537.36 (KHTML, like Gecko) Chrome/36.0.1985.125 Safari/537.36"""
2018-11-19 16:33:16.796,24,paid,,,723,"Lake Havasu City-Kingman, AZ","""Mozilla/5.0 (Windows NT 6.1; WOW64) AppleWebKit/537.36 (KHTML, like Gecko) Chrome/36.0.1985.125 Safari/537.36"""
2018-11-19 16:38:33.796,24,paid,,,723,"Lake Havasu City-Kingman, AZ","""Mozilla/5.0 (Windows NT 6.1; WOW64) AppleWebKit/537.36 (KHTML, like Gecko) Chrome/36.0.1985.125 Safari/537.36"""
2018-11-19 16:42:15.796,24,paid,,,723,"Lake Havasu City-Kingman, AZ","""Mozilla/5.0 (Windows NT 6.1; WOW64) AppleWebKit/537.36 (KHTML, like Gecko) Chrome/36.0.1985.125 Safari/537.36"""
2018-11-19 16:43:00.796,24,paid,,,723,"Lake Havasu City-Kingman, AZ","""Mozilla/5.0 (Windows NT 6.1; WOW64) AppleWebKit/537.36 (KHTML, like Gecko) Chrome/36.0.1985.125 Safari/537.36"""
2018-11-19 16:45:46.796,24,paid,,,723,"Lake Havasu City-Kingman, AZ","""Mozilla/5.0 (Windows NT 6.1; WOW64) AppleWebKit/537.36 (KHTML, like Gecko) Chrome/36.0.1985.125 Safari/537.36"""
2018-11-19 17:41:15.796,35,free,,,702,"St. Louis, MO-IL","""Mozilla/5.0 (X11; Linux x86_64) AppleWebKit/537.36 (KHTML, like Gecko) Chrome/37.0.2062.94 Safari/537.36"""
2018-11-19 17:41:51.796,52,free,,,601,"Houston-The Woodlands-Sugar Land, TX",Mozilla/5.0 (Windows NT 6.1; WOW64; rv:31.0) Gecko/20100101 Firefox/31.0
2018-11-19 17:44:26.796,35,free,,,702,"St. Louis, MO-IL","""Mozilla/5.0 (X11; Linux x86_64) AppleWebKit/537.36 (KHTML, like Gecko) Chrome/37.0.2062.94 Safari/537.36"""
2018-11-19 17:49:44.796,52,free,,,601,"Houston-The Woodlands-Sugar Land, TX",Mozilla/5.0 (Windows NT 6.1; WOW64; rv:31.0) Gecko/20100101 Firefox/31.0
2018-11-19 18:42:41.796,88,free,,,726,"Sacramento--Roseville--Arden-Arcade, CA","""Mozilla/5.0 (Macintosh; Intel Mac OS X 10_9_4) AppleWebKit/537.36 (KHTML, like Gecko) Chrome/36.0.1985.143 Safari/537.36"""
2018-11-19 18:46:02.796,88,free,,,726,"Sacramento--Roseville--Arden-Arcade, CA","""Mozilla/5.0 (Macintosh; Intel Mac OS X 10_9_4) AppleWebKit/537.36 (KHTML, like Gecko) Chrome/36.0.1985.143 Safari/537.36"""
2018-11-19 18:48:46.796,88,free,,,726,"Sacramento--Roseville--Arden-Arcade, CA","""Mozilla/5.0 (Macintosh; Intel Mac OS X 10_9_4) AppleWebKit/537.36 (KHTML, like Gecko) Chrome/36.0.1985.143 Safari/537.36"""
2018-11-19 18:54:07.796,88,free,,,726,"Sacramento--Roseville--Arden-Arcade, CA","""Mozilla/5.0 (Macintosh; Intel Mac OS X 10_9_4) AppleWebKit/537.36 (KHTML, like Gecko) Chrome/36.0.1985.143 Safari/537.36"""
2018-11-19 18:55:32.796,88,paid,,,726,"Sacramento--Roseville--Arden-Arcade, CA","""Mozilla/5.0 (Macintosh; Intel Mac OS X 10_9_4) AppleWebKit/537.36 (KHTML, like Gecko) Chrome/36.0.1985.143 Safari/537.36"""
2018-11-19 18:55:52.796,54,free,,,683,"Yuba City, CA",Mozilla/5.0 (Windows NT 6.1; WOW64; rv:31.0) Gecko/20100101 Firefox/31.0
2018-11-19 18:58:08.796,88,paid,,,726,"Sacramento--Roseville--Arden-Arcade, CA","""Mozilla/5.0 (Macintosh; Intel Mac OS X 10_9_4) AppleWebKit/537.36 (KHTML, like Gecko) Chrome/36.0.1985.143 Safari/537.36"""
2018-11-19 18:59:18.796,54,free,,,683,"Yuba City, CA",Mozilla/5.0 (Windows NT 6.1; WOW64; rv:31.0) Gecko/20100101 Firefox/31.0
2018-11-19 19:02:57.796,88,paid,,,726,"Sacramento--Roseville--Arden-Arcade, CA","""Mozilla/5.0 (Macintosh; Intel Mac OS X 10_9_4) AppleWebKit/537.36 (KHTML, like Gecko) Chrome/36.0.1985.143 Safari/537.36"""
2018-11-19 20:40:40.796,42,paid,,,632,"New York-Newark-Jersey City, NY-NJ-PA","""Mozilla/5.0 (Windows NT 6.3; WOW64) AppleWebKit/537.36 (KHTML, like Gecko) Chrome/36.0.1985.143 Safari/537.36"""
2018-11-19 20:44:01.796,42,paid,,,632,"New York-Newark-Jersey City, NY-NJ-PA","""Mozilla/5.0 (Windows NT 6.3; WOW64) AppleWebKit/537.36 (KHTML, like Gecko) Chrome/36.0.1985.143 Safari/537.36"""
2018-11-19 20:48:24.796,42,paid,,,632,"New York-Newark-Jersey City, NY-NJ-PA","""Mozilla/5.0 (Windows NT 6.3; WOW64) AppleWebKit/537.36 (KHTML, like Gecko) Chrome/36.0.1985.143 Safari/537.36"""
2018-11-19 20:52:46.796,42,paid,,,632,"New York-Newark-Jersey City, NY-NJ-PA","""Mozilla/5.0 (Windows NT 6.3; WOW64) AppleWebKit/537.36 (KHTML, like Gecko) Chrome/36.0.1985.143 Safari/537.36"""
2018-11-19 20:56:27.796,42,paid,,,632,"New York-Newark-Jersey City, NY-NJ-PA","""Mozilla/5.0 (Windows NT 6.3; WOW64) AppleWebKit/537.36 (KHTML, like Gecko) Chrome/36.0.1985.143 Safari/537.36"""
2018-11-19 21:01:03.796,42,paid,,,632,"New York-Newark-Jersey City, NY-NJ-PA","""Mozilla/5.0 (Windows NT 6.3; WOW64) AppleWebKit/537.36 (KHTML, like Gecko) Chrome/36.0.1985.143 Safari/537.36"""
2018-11-19 21:02:41.796,60,free,,,624,"Tampa-St. Petersburg-Clearwater, FL",Mozilla/5.0 (Windows NT 6.1; WOW64; rv:31.0) Gecko/20100101 Firefox/31.0
2018-11-19 21:03:39.796,42,paid,,,632,"New York-Newark-Jersey City, NY-NJ-PA","""Mozilla/5.0 (Windows NT 6.3; WOW64) AppleWebKit/537.36 (KHTML, like Gecko) Chrome/36.0.1985.143 Safari/537.36"""
2018-11-19 21:06:47.796,60,free,,,624,"Tampa-St. Petersburg-Clearwater, FL",Mozilla/5.0 (Windows NT 6.1; WOW64; rv:31.0) Gecko/20100101 Firefox/31.0
2018-11-19 21:06:49.796,42,paid,,,632,"New York-Newark-Jersey City, NY-NJ-PA","""Mozilla/5.0 (Windows NT 6.3; WOW64) AppleWebKit/537.36 (KHTML, like Gecko) Chrome/36.0.1985.143 Safari/537.36"""
2018-11-19 21:10:31.796,60,free,,,624,"Tampa-St. Petersburg-Clearwater, FL",Mozilla/5.0 (Windows NT 6.1; WOW64; rv:31.0) Gecko/20100101 Firefox/31.0
2018-11-19 21:10:52.796,42,paid,,,632,"New York-Newark-Jersey City, NY-NJ-PA","""Mozilla/5.0 (Windows NT 6.3; WOW64) AppleWebKit/537.36 (KHTML, like Gecko) Chrome/36.0.1985.143 Safari/537.36"""
2018-11-19 21:13:33.796,60,free,,,624,"Tampa-St. Petersburg-Clearwater, FL",Mozilla/5.0 (Windows NT 6.1; WOW64; rv:31.0) Gecko/20100101 Firefox/31.0
2018-11-19 21:14:18.796,42,paid,,,632,"New York-Newark-Jersey City, NY-NJ-PA","""Mozilla/5.0 (Windows NT 6.3; WOW64) AppleWebKit/537.36 (KHTML, like Gecko) Chrome/36.0.1985.143 Safari/537.36"""
2018-11-19 21:17:39.796,60,free,,,624,"Tampa-St. Petersburg-Clearwater, FL",Mozilla/5.0 (Windows NT 6.1; WOW64; rv:31.0) Gecko/20100101 Firefox/31.0
2018-11-19 21:17:44.796,42,paid,,,632,"New York-Newark-Jersey City, NY-NJ-PA","""Mozilla/5.0 (Windows NT 6.3; WOW64) AppleWebKit/537.36 (KHTML, like Gecko) Chrome/36.0.1985.143 Safari/537.36"""
2018-11-19 21:19:50.796,42,paid,,,632,"New York-Newark-Jersey City, NY-NJ-PA","""Mozilla/5.0 (Windows NT 6.3; WOW64) AppleWebKit/537.36 (KHTML, like Gecko) Chrome/36.0.1985.143 Safari/537.36"""
2018-11-19 21:43:54.796,61,free,,,703,"Houston-The Woodlands-Sugar Land, TX","""Mozilla/5.0 (Macintosh; Intel Mac OS X 10_9_4) AppleWebKit/537.77.4 (KHTML, like Gecko) Version/7.0.5 Safari/537.77.4"""
2018-11-19 21:44:59.796,74,free,,,570,"Youngstown-Warren-Boardman, OH-PA","""Mozilla/5.0 (Windows NT 6.1; WOW64) AppleWebKit/537.36 (KHTML, like Gecko) Chrome/36.0.1985.143 Safari/537.36"""
2018-11-19 21:45:19.796,25,paid,,,594,"Marinette, WI-MI","""Mozilla/5.0 (Windows NT 6.3; WOW64) AppleWebKit/537.36 (KHTML, like Gecko) Chrome/36.0.1985.143 Safari/537.36"""
2018-11-19 21:48:53.796,25,paid,,,594,"Marinette, WI-MI","""Mozilla/5.0 (Windows NT 6.3; WOW64) AppleWebKit/537.36 (KHTML, like Gecko) Chrome/36.0.1985.143 Safari/537.36"""
2018-11-19 21:53:03.796,25,paid,,,594,"Marinette, WI-MI","""Mozilla/5.0 (Windows NT 6.3; WOW64) AppleWebKit/537.36 (KHTML, like Gecko) Chrome/36.0.1985.143 Safari/537.36"""
2018-11-19 21:56:24.796,25,paid,,,594,"Marinette, WI-MI","""Mozilla/5.0 (Windows NT 6.3; WOW64) AppleWebKit/537.36 (KHTML, like Gecko) Chrome/36.0.1985.143 Safari/537.36"""
2018-11-19 21:57:35.796,71,free,,,212,"Columbia, SC","""Mozilla/5.0 (iPhone; CPU iPhone OS 7_1_1 like Mac OS X) AppleWebKit/537.51.2 (KHTML, like Gecko) Version/7.0 Mobile/11D201 Safari/9537.53"""
2018-11-19 22:03:25.796,25,paid,,,594,"Marinette, WI-MI","""Mozilla/5.0 (Windows NT 6.3; WOW64) AppleWebKit/537.36 (KHTML, like Gecko) Chrome/36.0.1985.143 Safari/537.36"""
2018-11-19 22:06:56.796,25,paid,,,594,"Marinette, WI-MI","""Mozilla/5.0 (Windows NT 6.3; WOW64) AppleWebKit/537.36 (KHTML, like Gecko) Chrome/36.0.1985.143 Safari/537.36"""
2018-11-19 22:11:28.796,25,paid,,,594,"Marinette, WI-MI","""Mozilla/5.0 (Windows NT 6.3; WOW64) AppleWebKit/537.36 (KHTML, like Gecko) Chrome/36.0.1985.143 Safari/537.36"""
2018-11-19 22:16:08.796,25,paid,,,594,"Marinette, WI-MI","""Mozilla/5.0 (Windows NT 6.3; WOW64) AppleWebKit/537.36 (KHTML, like Gecko) Chrome/36.0.1985.143 Safari/537.36"""
2018-11-19 22:19:44.796,25,paid,,,594,"Marinette, WI-MI","""Mozilla/5.0 (Windows NT 6.3; WOW64) AppleWebKit/537.36 (KHTML, like Gecko) Chrome/36.0.1985.143 Safari/537.36"""
2018-11-19 22:23:50.796,26,free,,,725,"San Jose-Sunnyvale-Santa Clara, CA","""Mozilla/5.0 (X11; Linux x86_64) AppleWebKit/537.36 (KHTML, like Gecko) Ubuntu Chromium/36.0.1985.125 Chrome/36.0.1985.125 Safari/537.36"""
2018-11-19 22:27:40.796,26,free,,,725,"San Jose-Sunnyvale-Santa Clara, CA","""Mozilla/5.0 (X11; Linux x86_64) AppleWebKit/537.36 (KHTML, like Gecko) Ubuntu Chromium/36.0.1985.125 Chrome/36.0.1985.125 Safari/537.36"""
2018-11-19 22:28:42.796,25,paid,,,594,"Marinette, WI-MI","""Mozilla/5.0 (Windows NT 6.3; WOW64) AppleWebKit/537.36 (KHTML, like Gecko) Chrome/36.0.1985.143 Safari/537.36"""
2018-11-19 22:33:05.796,25,paid,,,594,"Marinette, WI-MI","""Mozilla/5.0 (Windows NT 6.3; WOW64) AppleWebKit/537.36 (KHTML, like Gecko) Chrome/36.0.1985.143 Safari/537.36"""
2018-11-19 22:35:49.796,25,paid,,,594,"Marinette, WI-MI","""Mozilla/5.0 (Windows NT 6.3; WOW64) AppleWebKit/537.36 (KHTML, like Gecko) Chrome/36.0.1985.143 Safari/537.36"""
2018-11-19 22:39:38.796,25,paid,,,594,"Marinette, WI-MI","""Mozilla/5.0 (Windows NT 6.3; WOW64) AppleWebKit/537.36 (KHTML, like Gecko) Chrome/36.0.1985.143 Safari/537.36"""
2018-11-19 22:42:46.796,25,paid,,,594,"Marinette, WI-MI","""Mozilla/5.0 (Windows NT 6.3; WOW64) AppleWebKit/537.36 (KHTML, like Gecko) Chrome/36.0.1985.143 Safari/537.36"""
2018-11-19 22:46:35.796,25,paid,,,594,"Marinette, WI-MI","""Mozilla/5.0 (Windows NT 6.3; WOW64) AppleWebKit/537.36 (KHTML, like Gecko) Chrome/36.0.1985.143 Safari/537.36"""
2018-11-19 22:50:07.796,25,paid,,,594,"Marinette, WI-MI","""Mozilla/5.0 (Windows NT 6.3; WOW64) AppleWebKit/537.36 (KHTML, like Gecko) Chrome/36.0.1985.143 Safari/537.36"""
2018-11-19 22:53:44.796,25,paid,,,594,"Marinette, WI-MI","""Mozilla/5.0 (Windows NT 6.3; WOW64) AppleWebKit/537.36 (KHTML, like Gecko) Chrome/36.0.1985.143 Safari/537.36"""
2018-11-19 22:57:13.796,25,paid,,,594,"Marinette, WI-MI","""Mozilla/5.0 (Windows NT 6.3; WOW64) AppleWebKit/537.36 (KHTML, like Gecko) Chrome/36.0.1985.143 Safari/537.36"""
2018-11-19 23:03:36.796,25,paid,,,594,"Marinette, WI-MI","""Mozilla/5.0 (Windows NT 6.3; WOW64) AppleWebKit/537.36 (KHTML, like Gecko) Chrome/36.0.1985.143 Safari/537.36"""
2018-11-19 23:08:42.796,25,paid,,,594,"Marinette, WI-MI","""Mozilla/5.0 (Windows NT 6.3; WOW64) AppleWebKit/537.36 (KHTML, like Gecko) Chrome/36.0.1985.143 Safari/537.36"""
2018-11-19 23:11:38.796,25,paid,,,594,"Marinette, WI-MI","""Mozilla/5.0 (Windows NT 6.3; WOW64) AppleWebKit/537.36 (KHTML, like Gecko) Chrome/36.0.1985.143 Safari/537.36"""
2018-11-19 23:16:44.796,25,paid,,,594,"Marinette, WI-MI","""Mozilla/5.0 (Windows NT 6.3; WOW64) AppleWebKit/537.36 (KHTML, like Gecko) Chrome/36.0.1985.143 Safari/537.36"""
2018-11-19 23:20:21.796,25,paid,,,594,"Marinette, WI-MI","""Mozilla/5.0 (Windows NT 6.3; WOW64) AppleWebKit/537.36 (KHTML, like Gecko) Chrome/36.0.1985.143 Safari/537.36"""
2018-11-19 23:22:52.796,33,free,,,682,"Eugene, OR","""Mozilla/5.0 (Windows NT 6.1; WOW64) AppleWebKit/537.36 (KHTML, like Gecko) Chrome/36.0.1985.125 Safari/537.36"""
2018-11-19 23:23:45.796,25,paid,,,594,"Marinette, WI-MI","""Mozilla/5.0 (Windows NT 6.3; WOW64) AppleWebKit/537.36 (KHTML, like Gecko) Chrome/36.0.1985.143 Safari/537.36"""
2018-11-19 23:26:50.796,25,paid,,,594,"Marinette, WI-MI","""Mozilla/5.0 (Windows NT 6.3; WOW64) AppleWebKit/537.36 (KHTML, like Gecko) Chrome/36.0.1985.143 Safari/537.36"""
2018-11-19 23:30:02.796,25,paid,,,594,"Marinette, WI-MI","""Mozilla/5.0 (Windows NT 6.3; WOW64) AppleWebKit/537.36 (KHTML, like Gecko) Chrome/36.0.1985.143 Safari/537.36"""
2018-11-19 23:33:41.796,25,paid,,,594,"Marinette, WI-MI","""Mozilla/5.0 (Windows NT 6.3; WOW64) AppleWebKit/537.36 (KHTML, like Gecko) Chrome/36.0.1985.143 Safari/537.36"""
2018-11-19 23:37:50.796,25,paid,,,594,"Marinette, WI-MI","""Mozilla/5.0 (Windows NT 6.3; WOW64) AppleWebKit/537.36 (KHTML, like Gecko) Chrome/36.0.1985.143 Safari/537.36"""
2018-11-19 23:42:36.796,25,paid,,,594,"Marinette, WI-MI","""Mozilla/5.0 (Windows NT 6.3; WOW64) AppleWebKit/537.36 (KHTML, like Gecko) Chrome/36.0.1985.143 Safari/537.36"""
2018-11-19 23:47:16.796,25,paid,,,594,"Marinette, WI-MI","""Mozilla/5.0 (Windows NT 6.3; WOW64) AppleWebKit/537.36 (KHTML, like Gecko) Chrome/36.0.1985.143 Safari/537.36"""
2018-11-19 23:50:56.796,25,paid,,,594,"Marinette, WI-MI","""Mozilla/5.0 (Windows NT 6.3; WOW64) AppleWebKit/537.36 (KHTML, like Gecko) Chrome/36.0.1985.143 Safari/537.36"""
